{
    "data":{
        "attributes":{
            "normal":{
                "itemSize":3,
                "type":"Float32Array",
                "array":[0.0980171,0.995185,0,0.0980171,0.995185,0,0.0980171,0.995185,0,0.290285,0.95694,0,0.290285,0.95694,0,0.290285,0.95694,0,0.471397,0.881921,0,0.471397,0.881921,0,0.471397,0.881921,0,0.634393,0.77301,0,0.634393,0.77301,0,0.634393,0.77301,0,0.77301,0.634394,0,0.77301,0.634394,0,0.77301,0.634394,0,0.881921,0.471396,0,0.881921,0.471396,0,0.881921,0.471396,0,0.95694,0.290285,0,0.95694,0.290285,0,0.95694,0.290285,0,0.995185,0.0980172,0,0.995185,0.0980172,0,0.995185,0.0980172,0,0.995185,-0.0980172,0,0.995185,-0.0980172,0,0.995185,-0.0980172,0,0.95694,-0.290285,0,0.95694,-0.290285,0,0.95694,-0.290285,0,0.881921,-0.471396,0,0.881921,-0.471396,0,0.881921,-0.471396,0,0.77301,-0.634394,0,0.77301,-0.634394,0,0.77301,-0.634394,0,0.634394,-0.77301,0,0.634394,-0.77301,0,0.634394,-0.77301,0,0.471396,-0.881921,0,0.471396,-0.881921,0,0.471396,-0.881921,0,0.290284,-0.95694,0,0.290284,-0.95694,0,0.290284,-0.95694,0,0.0980171,-0.995185,0,0.0980171,-0.995185,0,0.0980171,-0.995185,0,-0.0980176,-0.995185,0,-0.0980176,-0.995185,0,-0.0980176,-0.995185,0,-0.290285,-0.95694,0,-0.290285,-0.95694,0,-0.290285,-0.95694,0,-0.471397,-0.881921,0,-0.471397,-0.881921,0,-0.471397,-0.881921,0,-0.634394,-0.77301,0,-0.634394,-0.77301,0,-0.634394,-0.77301,0,-0.773011,-0.634393,0,-0.773011,-0.634393,0,-0.773011,-0.634393,0,-0.881921,-0.471396,0,-0.881921,-0.471396,0,-0.881921,-0.471396,0,-0.956941,-0.290283,0,-0.956941,-0.290283,0,-0.956941,-0.290283,0,-0.995185,-0.0980166,0,-0.995185,-0.0980166,0,-0.995185,-0.0980166,0,-0.995185,0.0980182,0,-0.995185,0.0980182,0,-0.995185,0.0980182,0,-0.95694,0.290286,0,-0.95694,0.290286,0,-0.95694,0.290286,0,-0.881921,0.471398,0,-0.881921,0.471398,0,-0.881921,0.471398,0,-0.77301,0.634394,0,-0.77301,0.634394,0,-0.77301,0.634394,0,-0.634392,0.773011,0,-0.634392,0.773011,0,-0.634392,0.773011,0,-0.471395,0.881922,0,-0.471395,0.881922,0,-0.471395,0.881922,0,0,0,1,0,0,1,0,0,1,-0.290283,0.956941,0,-0.290283,0.956941,0,-0.290283,0.956941,0,-0.0980163,0.995185,0,-0.0980163,0.995185,0,-0.0980163,0.995185,0,0,-0,-1,0,-0,-1,0,-0,-1,0.0980171,0.995185,-0,0.290285,0.95694,-0,0.471397,0.881921,-0,0.634393,0.77301,-0,0.77301,0.634394,-0,0.881921,0.471396,-0,0.95694,0.290285,-0,0.995185,0.0980172,-0,0.995185,-0.0980172,0,0.95694,-0.290285,0,0.881921,-0.471396,0,0.77301,-0.634394,0,0.634394,-0.77301,0,0.471396,-0.881921,0,0.290284,-0.95694,0,0.0980171,-0.995185,0,-0.0980176,-0.995185,0,-0.290285,-0.95694,0,-0.471397,-0.881921,0,-0.634394,-0.77301,0,-0.773011,-0.634393,0,-0.881921,-0.471396,0,-0.956941,-0.290283,0,-0.995185,-0.0980166,0,-0.995185,0.0980182,0,-0.95694,0.290286,0,-0.881921,0.471398,0,-0.77301,0.634394,0,-0.634392,0.773011,0,-0.471395,0.881922,0,0,0,1,0,0,1,0,0,1,0,0,1,0,0,1,0,0,1,0,0,1,0,0,1,0,0,1,0,0,1,0,0,1,0,0,1,0,0,1,0,0,1,0,0,1,0,0,1,0,0,1,0,0,1,0,0,1,0,0,1,0,0,1,0,0,1,0,0,1,0,0,1,0,0,1,0,0,1,0,0,1,0,0,1,0,0,1,0,0,1,0,0,1,0,0,1,0,0,1,0,0,1,0,0,1,0,0,1,0,0,1,-0.290283,0.956941,0,-0.0980163,0.995185,0,-0,0,-1,-0,0,-1,-0,0,-1,0,0,-1,0,0,-1,0,0,-1,0,0,-1,0,0,-1,0,0,-1,0,0,-1,0,0,-1,0,0,-1,0,0,-1,0,0,-1,0,-0,-1,0,0,-1,0,0,-1,0,0,-1,0,0,-1,0,0,-1,0,0,-1,0,0,-1,0,0,-1,0,0,-1,0,0,-1,0,0,-1,0,0,-1,0,-0,-1,0,-0,-1,-0,0,-1,0,0,-1,0,0,-1,0,0,-1,0,0,-1,0,0,-1,0,0,-1,0,0,-1,0,0,-1,0,0,-1,0,0,-1,0,0,-1]
            },
            "position":{
                "itemSize":3,
                "type":"Float32Array",
                "array":[0,0.14,1.14,0.0273127,0.13731,-1.14,0,0.14,-1.14,0.0273127,0.13731,1.14,0.0535757,0.129343,-1.14,0.0273127,0.13731,-1.14,0.0535757,0.129343,1.14,0.0777799,0.116406,-1.14,0.0535757,0.129343,-1.14,0.0777799,0.116406,1.14,0.098995,0.098995,-1.14,0.0777799,0.116406,-1.14,0.098995,0.098995,1.14,0.116406,0.0777799,-1.14,0.098995,0.098995,-1.14,0.116406,0.0777799,1.14,0.129343,0.0535757,-1.14,0.116406,0.0777799,-1.14,0.129343,0.0535757,1.14,0.13731,0.0273127,-1.14,0.129343,0.0535757,-1.14,0.13731,0.0273127,1.14,0.14,1.05697e-08,-1.14,0.13731,0.0273127,-1.14,0.14,1.05697e-08,1.14,0.13731,-0.0273126,-1.14,0.14,1.05697e-08,-1.14,0.13731,-0.0273126,1.14,0.129343,-0.0535757,-1.14,0.13731,-0.0273126,-1.14,0.129343,-0.0535757,1.14,0.116406,-0.0777799,-1.14,0.129343,-0.0535757,-1.14,0.116406,-0.0777799,1.14,0.098995,-0.098995,-1.14,0.116406,-0.0777799,-1.14,0.098995,-0.098995,1.14,0.0777799,-0.116406,-1.14,0.098995,-0.098995,-1.14,0.0777799,-0.116406,1.14,0.0535757,-0.129343,-1.14,0.0777799,-0.116406,-1.14,0.0535757,-0.129343,1.14,0.0273126,-0.13731,-1.14,0.0535757,-0.129343,-1.14,0.0273126,-0.13731,1.14,-4.56178e-08,-0.14,-1.14,0.0273126,-0.13731,-1.14,-4.56178e-08,-0.14,1.14,-0.0273127,-0.13731,-1.14,-4.56178e-08,-0.14,-1.14,-0.0273127,-0.13731,1.14,-0.0535758,-0.129343,-1.14,-0.0273127,-0.13731,-1.14,-0.0535758,-0.129343,1.14,-0.0777799,-0.116406,-1.14,-0.0535758,-0.129343,-1.14,-0.0777799,-0.116406,1.14,-0.098995,-0.0989949,-1.14,-0.0777799,-0.116406,-1.14,-0.098995,-0.0989949,1.14,-0.116406,-0.0777798,-1.14,-0.098995,-0.0989949,-1.14,-0.116406,-0.0777798,1.14,-0.129343,-0.0535756,-1.14,-0.116406,-0.0777798,-1.14,-0.129343,-0.0535756,1.14,-0.13731,-0.0273125,-1.14,-0.129343,-0.0535756,-1.14,-0.13731,-0.0273125,1.14,-0.14,1.35184e-07,-1.14,-0.13731,-0.0273125,-1.14,-0.14,1.35184e-07,1.14,-0.13731,0.0273128,-1.14,-0.14,1.35184e-07,-1.14,-0.13731,0.0273128,1.14,-0.129343,0.0535758,-1.14,-0.13731,0.0273128,-1.14,-0.129343,0.0535758,1.14,-0.116406,0.07778,-1.14,-0.129343,0.0535758,-1.14,-0.116406,0.07778,1.14,-0.0989949,0.0989951,-1.14,-0.116406,0.07778,-1.14,-0.0989949,0.0989951,1.14,-0.0777797,0.116406,-1.14,-0.0989949,0.0989951,-1.14,-0.0777797,0.116406,1.14,-0.0535755,0.129343,-1.14,-0.0777797,0.116406,-1.14,-0.0535758,-0.129343,1.14,0.129343,-0.0535757,1.14,-0.129343,0.0535758,1.14,-0.0535755,0.129343,1.14,-0.0273124,0.13731,-1.14,-0.0535755,0.129343,-1.14,-0.0273124,0.13731,1.14,0,0.14,-1.14,-0.0273124,0.13731,-1.14,0.0273126,-0.13731,-1.14,-0.13731,-0.0273125,-1.14,0.13731,0.0273127,-1.14,0.0273127,0.13731,1.14,0.0535757,0.129343,1.14,0.0777799,0.116406,1.14,0.098995,0.098995,1.14,0.116406,0.0777799,1.14,0.129343,0.0535757,1.14,0.13731,0.0273127,1.14,0.14,1.05697e-08,1.14,0.13731,-0.0273126,1.14,0.129343,-0.0535757,1.14,0.116406,-0.0777799,1.14,0.098995,-0.098995,1.14,0.0777799,-0.116406,1.14,0.0535757,-0.129343,1.14,0.0273126,-0.13731,1.14,-4.56178e-08,-0.14,1.14,-0.0273127,-0.13731,1.14,-0.0535758,-0.129343,1.14,-0.0777799,-0.116406,1.14,-0.098995,-0.0989949,1.14,-0.116406,-0.0777798,1.14,-0.129343,-0.0535756,1.14,-0.13731,-0.0273125,1.14,-0.14,1.35184e-07,1.14,-0.13731,0.0273128,1.14,-0.129343,0.0535758,1.14,-0.116406,0.07778,1.14,-0.0989949,0.0989951,1.14,-0.0777797,0.116406,1.14,-0.0535755,0.129343,1.14,0.0535757,0.129343,1.14,0.0273127,0.13731,1.14,0,0.14,1.14,-0.0273124,0.13731,1.14,-0.0535755,0.129343,1.14,-0.0777797,0.116406,1.14,-0.0989949,0.0989951,1.14,-0.116406,0.07778,1.14,-0.13731,0.0273128,1.14,-0.14,1.35184e-07,1.14,-0.13731,-0.0273125,1.14,-0.129343,-0.0535756,1.14,-0.116406,-0.0777798,1.14,-0.098995,-0.0989949,1.14,-0.0777799,-0.116406,1.14,-0.0273127,-0.13731,1.14,-4.56178e-08,-0.14,1.14,0.0273126,-0.13731,1.14,0.0535757,-0.129343,1.14,0.0777799,-0.116406,1.14,0.098995,-0.098995,1.14,0.116406,-0.0777799,1.14,0.13731,-0.0273126,1.14,0.129343,0.0535757,1.14,0.14,1.05697e-08,1.14,0.13731,0.0273127,1.14,0.116406,0.0777799,1.14,0.098995,0.098995,1.14,0.0777799,0.116406,1.14,-0.116406,-0.0777798,1.14,-0.098995,-0.0989949,1.14,-0.0535758,-0.129343,1.14,0.0273126,-0.13731,1.14,0.0535757,-0.129343,1.14,0.13731,-0.0273126,1.14,0.14,1.05697e-08,1.14,0.129343,0.0535757,1.14,-0.0273124,0.13731,1.14,0,0.14,1.14,-0.0273124,0.13731,-1.14,0,0.14,-1.14,0.0273127,0.13731,-1.14,0.0273127,0.13731,-1.14,0.0535757,0.129343,-1.14,-0.0273124,0.13731,-1.14,0.0777799,0.116406,-1.14,0.098995,0.098995,-1.14,0.116406,0.0777799,-1.14,0.116406,0.0777799,-1.14,0.129343,0.0535757,-1.14,0.0777799,0.116406,-1.14,