{
    "data":{
        "index":{
            "itemSize":1,
            "type":"Uint16Array",
            "array":[0,1,2,0,3,1]
        },
        "attributes":{
            "position":{
                "itemSize":3,
                "type":"Float32Array",
                "array":[-0.0114689,4.37114e-07,10,-20.0115,-4.37114e-07,-10,-20.0115,4.37114e-07,10,-0.0114689,-4.37114e-07,-10]
            },
            "normal":{
                "itemSize":3,
                "type":"Float32Array",
                "array":[0,1,-4.37114e-08,0,1,-4.37114e-08,0,1,-4.37114e-08,0,1,-4.37114e-08]
            },
            "uv":{
                "itemSize":2,
                "type":"Float32Array",
                "array":[1.4998,-0.4998,-0.4998,1.4998,-0.4998,-0.4998,1.4998,1.4998]
            }
        },
        "groups":[{
            "materialIndex":0,
            "count":6,
            "start":0
        }]
    },
    "metadata":{
        "version":3,
        "type":"BufferGeometry",
        "normal":4,
        "generator":"io_three",
        "position":4,
        "uv":4
    }
}